<annotation>
	<folder>perros</folder>
	<filename>10-blogs-sobre-perros-que-debes-seguir-19.jpg</filename>
	<path>C:\Users\Francisco\Desktop\curso_ia\clases\clase13\perros\10-blogs-sobre-perros-que-debes-seguir-19.jpg</path>
	<source>
		<database>Unknown</database>
	</source>
	<size>
		<width>744</width>
		<height>497</height>
		<depth>3</depth>
	</size>
	<segmented>0</segmented>
	<object>
		<name>dog</name>
		<pose>Unspecified</pose>
		<truncated>0</truncated>
		<difficult>0</difficult>
		<bndbox>
			<xmin>411</xmin>
			<ymin>43</ymin>
			<xmax>741</xmax>
			<ymax>409</ymax>
		</bndbox>
	</object>
</annotation>
