<annotation>
	<folder>perros</folder>
	<filename>230201195015-mejores-fotos-perros-perspectivas-buenos-aires-.png</filename>
	<path>C:\Users\Francisco\Desktop\curso_ia\clases\clase13\perros\230201195015-mejores-fotos-perros-perspectivas-buenos-aires-.png</path>
	<source>
		<database>Unknown</database>
	</source>
	<size>
		<width>1600</width>
		<height>900</height>
		<depth>3</depth>
	</size>
	<segmented>0</segmented>
	<object>
		<name>dog</name>
		<pose>Unspecified</pose>
		<truncated>1</truncated>
		<difficult>0</difficult>
		<bndbox>
			<xmin>484</xmin>
			<ymin>86</ymin>
			<xmax>1264</xmax>
			<ymax>900</ymax>
		</bndbox>
	</object>
</annotation>
