<annotation>
	<folder>perros</folder>
	<filename>5-SITIOS-PARA-VISITAR-CORDOBA-CON-PERRO-1170x720.png</filename>
	<path>C:\Users\Francisco\Desktop\curso_ia\clases\clase13\perros\5-SITIOS-PARA-VISITAR-CORDOBA-CON-PERRO-1170x720.png</path>
	<source>
		<database>Unknown</database>
	</source>
	<size>
		<width>1170</width>
		<height>720</height>
		<depth>3</depth>
	</size>
	<segmented>0</segmented>
	<object>
		<name>dog</name>
		<pose>Unspecified</pose>
		<truncated>0</truncated>
		<difficult>0</difficult>
		<bndbox>
			<xmin>2</xmin>
			<ymin>96</ymin>
			<xmax>645</xmax>
			<ymax>680</ymax>
		</bndbox>
	</object>
</annotation>
