<annotation>
	<folder>perros</folder>
	<filename>boyero-de-berna-1_10a9bb99_230421205529_800x800.png</filename>
	<path>C:\Users\Francisco\Desktop\curso_ia\clases\clase13\perros\boyero-de-berna-1_10a9bb99_230421205529_800x800.png</path>
	<source>
		<database>Unknown</database>
	</source>
	<size>
		<width>800</width>
		<height>800</height>
		<depth>3</depth>
	</size>
	<segmented>0</segmented>
	<object>
		<name>dog</name>
		<pose>Unspecified</pose>
		<truncated>1</truncated>
		<difficult>0</difficult>
		<bndbox>
			<xmin>5</xmin>
			<ymin>144</ymin>
			<xmax>800</xmax>
			<ymax>796</ymax>
		</bndbox>
	</object>
</annotation>
